Date,FileID,InstrumentID,Symbol,Expiry Date,Initial Margin(%),Tender Margin(%),Total Margin(%),Additional Long Margin(%),Additional Short Margin(%),Special Long Margin(%),Special Short Margin(%),ELM Long (%),ELM Short (%),Delivery Margin(%),Daily Volatility,Annualized Volatility
"7/10/2026 12:00:00 AM","1","FUTCOM","ALUMINI","31JUL2026","8.00","0.00","8","0.00","0.00","0.00","0.00","1.25","1.25","0.00","0.014967","0.236649"
"7/10/2026 12:00:00 AM","1","FUTCOM","ALUMINI","31AUG2026","9.17","0.00","9.17","0.00","0.00","0.00","0.00","1.25","1.25","0.00","0.017944","0.28372"
"7/10/2026 12:00:00 AM","1","FUTCOM","ALUMINI","30SEP2026","9.70","0.00","9.7","0.00","0.00","0.00","0.00","1.25","1.25","0.00","0.018947","0.299578"
"7/10/2026 12:00:00 AM","1","FUTCOM","ALUMINI","30OCT2026","14.50","0.00","14.5","0.00","0.00","0.00","0.00","1.25","1.25","0.00","0.027893","0.441027"
"7/10/2026 12:00:00 AM","1","FUTCOM","ALUMINI","30NOV2026","15.56","0.00","15.56","0.00","0.00","0.00","0.00","1.25","1.25","0.00","0.029816","0.471432"
"7/10/2026 12:00:00 AM","1","FUTCOM","ALUMINIUM","31JUL2026","8.00","0.00","8","0.00","0.00","0.00","0.00","1.25","1.25","0.00","0.015362","0.242895"
"7/10/2026 12:00:00 AM","1","FUTCOM","ALUMINIUM","31AUG2026","8.21","0.00","8.21","0.00","0.00","0.00","0.00","1.25","1.25","0.00","0.016125","0.254959"
"7/10/2026 12:00:00 AM","1","FUTCOM","ALUMINIUM","30SEP2026","9.12","0.00","9.12","0.00","0.00","0.00","0.00","1.25","1.25","0.00","0.017861","0.282407"
"7/10/2026 12:00:00 AM","1","FUTCOM","ALUMINIUM","30OCT2026","15.20","0.00","15.2","0.00","0.00","0.00","0.00","1.25","1.25","0.00","0.029172","0.46125"
"7/10/2026 12:00:00 AM","1","FUTCOM","ALUMINIUM","30NOV2026","16.80","0.00","16.8","0.00","0.00","0.00","0.00","1.25","1.25","0.00","0.032078","0.507198"
"7/10/2026 12:00:00 AM","1","FUTCOM","CARDAMOM","31JUL2026","12.00","0.00","12","0.00","0.00","0.00","0.00","1.25","1.25","0.00","0.013964","0.22079"
"7/10/2026 12:00:00 AM","1","FUTCOM","CARDAMOM","31AUG2026","12.78","0.00","12.78","0.00","0.00","0.00","0.00","1.25","1.25","0.00","0.017692","0.279735"
"7/10/2026 12:00:00 AM","1","FUTCOM","CARDAMOM","30SEP2026","12.00","0.00","12","0.00","0.00","0.00","0.00","1.25","1.25","0.00","0.0151","0.238752"
"7/10/2026 12:00:00 AM","1","FUTCOM","CARDAMOM","30OCT2026","12.00","0.00","12","0.00","0.00","0.00","0.00","1.25","1.25","0.00","0.0151","0.238752"
"7/10/2026 12:00:00 AM","1","FUTCOM","CARDAMOM","30NOV2026","12.00","0.00","12","0.00","0.00","0.00","0.00","1.25","1.25","0.00","0.013304","0.210355"
"7/10/2026 12:00:00 AM","1","FUTCOM","COPPER","31JUL2026","8.00","0.00","8","0.00","0.00","0.00","0.00","1.25","1.25","0.00","0.013416","0.212126"
"7/10/2026 12:00:00 AM","1","FUTCOM","COPPER","31AUG2026","8.00","0.00","8","0.00","0.00","0.00","0.00","1.25","1.25","0.00","0.013528","0.213896"
"7/10/2026 12:00:00 AM","1","FUTCOM","COPPER","30SEP2026","8.00","0.00","8","0.00","0.00","0.00","0.00","1.25","1.25","0.00","0.013416","0.212126"
"7/10/2026 12:00:00 AM","1","FUTCOM","COPPER","30OCT2026","8.00","0.00","8","0.00","0.00","0.00","0.00","1.25","1.25","0.00","0.013191","0.208568"
"7/10/2026 12:00:00 AM","1","FUTCOM","COPPER","30NOV2026","8.00","0.00","8","0.00","0.00","0.00","0.00","1.25","1.25","0.00","0.013153","0.207967"
"7/10/2026 12:00:00 AM","1","FUTCOM","COTTON","31JUL2026","8.00","0.00","8","0.00","0.00","0.00","0.00","1.25","1.25","0.00","0.006481","0.102474"
"7/10/2026 12:00:00 AM","1","FUTCOM","COTTON","31AUG2026","8.00","0.00","8","0.00","0.00","0.00","0.00","1.25","1.25","0.00","0.006481","0.102474"
"7/10/2026 12:00:00 AM","1","FUTCOM","COTTON","30NOV2026","8.00","0.00","8","0.00","0.00","0.00","0.00","1.25","1.25","0.00","0.004583","0.072464"
"7/10/2026 12:00:00 AM","1","FUTCOM","COTTON","31DEC2026","8.00","0.00","8","0.00","0.00","0.00","0.00","1.25","1.25","0.00","0.004583","0.072464"
"7/10/2026 12:00:00 AM","1","FUTCOM","COTTON","29JAN2027","8.00","0.00","8","0.00","0.00","0.00","0.00","1.25","1.25","0.00","0.004583","0.072464"
"7/10/2026 12:00:00 AM","1","FUTCOM","COTTONOIL","31JUL2026","10.00","0.00","10","0.00","0.00","0.00","0.00","1.25","1.25","0.00","0.003742","0.059166"
"7/10/2026 12:00:00 AM","1","FUTCOM","COTTONOIL","31AUG2026","10.00","0.00","10","0.00","0.00","0.00","0.00","1.25","1.25","0.00","0.003742","0.059166"
"7/10/2026 12:00:00 AM","1","FUTCOM","COTTONOIL","30SEP2026","10.00","0.00","10","0.00","0.00","0.00","0.00","1.25","1.25","0.00","0.003742","0.059166"
"7/10/2026 12:00:00 AM","1","FUTCOM","COTTONOIL","30OCT2026","10.00","0.00","10","0.00","0.00","0.00","0.00","1.25","1.25","0.00","0.003742","0.059166"
"7/10/2026 12:00:00 AM","1","FUTCOM","CRUDEOIL","20JUL2026","30.00","0.00","30","0.00","0.00","0.00","0.00","1.25","1.25","0.00","0.030545","0.482959"
"7/10/2026 12:00:00 AM","1","FUTCOM","CRUDEOIL","19AUG2026","30.00","0.00","30","0.00","0.00","0.00","0.00","1.25","1.25","0.00","0.02816","0.445249"
"7/10/2026 12:00:00 AM","1","FUTCOM","CRUDEOIL","21SEP2026","30.00","0.00","30","0.00","0.00","0.00","0.00","1.25","1.25","0.00","0.025884","0.409262"
"7/10/2026 12:00:00 AM","1","FUTCOM","CRUDEOIL","19OCT2026","30.00","0.00","30","0.00","0.00","0.00","0.00","1.25","1.25","0.00","0.021471","0.339486"
"7/10/2026 12:00:00 AM","1","FUTCOM","CRUDEOIL","19NOV2026","30.00","0.00","30","0.00","0.00","0.00","0.00","1.25","1.25","0.00","0.022068","0.348926"
"7/10/2026 12:00:00 AM","1","FUTCOM","CRUDEOIL","18DEC2026","30.00","0.00","30","0.00","0.00","0.00","0.00","1.25","1.25","0.00","0.021307","0.336893"
"7/10/2026 12:00:00 AM","1","FUTCOM","CRUDEOILM","20JUL2026","30.00","0.00","30","0.00","0.00","0.00","0.00","1.25","1.25","0.00","0.030935","0.489125"
"7/10/2026 12:00:00 AM","1","FUTCOM","CRUDEOILM","19AUG2026","30.00","0.00","30","0.00","0.00","0.00","0.00","1.25","1.25","0.00","0.027964","0.44215"
"7/10/2026 12:00:00 AM","1","FUTCOM","CRUDEOILM","21SEP2026","30.00","0.00","30","0.00","0.00","0.00","0.00","1.25","1.25","0.00","0.026287","0.415634"
"7/10/2026 12:00:00 AM","1","FUTCOM","CRUDEOILM","19OCT2026","30.00","0.00","30","0.00","0.00","0.00","0.00","1.25","1.25","0.00","0.02512","0.397182"
"7/10/2026 12:00:00 AM","1","FUTCOM","CRUDEOILM","19NOV2026","30.00","0.00","30","0.00","0.00","0.00","0.00","1.25","1.25","0.00","0.024759","0.391474"
"7/10/2026 12:00:00 AM","1","FUTCOM","CRUDEOILM","18DEC2026","30.00","0.00","30","0.00","0.00","0.00","0.00","1.25","1.25","0.00","0.023875","0.377497"
"7/10/2026 12:00:00 AM","1","FUTCOM","ELECDMBL","30JUL2026","10.92","0.00","10.92","0.00","0.00","0.00","0.00","1.25","1.25","0.00","0.017464","0.27613"
"7/10/2026 12:00:00 AM","1","FUTCOM","ELECDMBL","28AUG2026","10.00","0.00","10","0.00","0.00","0.00","0.00","1.25","1.25","0.00","0.014799","0.233993"
"7/10/2026 12:00:00 AM","1","FUTCOM","ELECDMBL","29SEP2026","10.00","0.00","10","0.00","0.00","0.00","0.00","1.25","1.25","0.00","0.014036","0.221929"
"7/10/2026 12:00:00 AM","1","FUTCOM","ELECDMBL","30OCT2026","15.27","0.00","15.27","0.00","0.00","0.00","0.00","1.25","1.25","0.00","0.024145","0.381766"
"7/10/2026 12:00:00 AM","1","FUTCOM","GOLD","05AUG2026","8.00","0.00","8","0.00","0.00","0.00","0.00","1.25","1.25","0.00","0.013964","0.22079"
"7/10/2026 12:00:00 AM","1","FUTCOM","GOLD","05OCT2026","8.00","0.00","8","0.00","0.00","0.00","0.00","1.25","1.25","0.00","0.014283","0.225834"
"7/10/2026 12:00:00 AM","1","FUTCOM","GOLD","04DEC2026","8.00","0.00","8","0.00","0.00","0.00","0.00","1.25","1.25","0.00","0.014318","0.226387"
"7/10/2026 12:00:00 AM","1","FUTCOM","GOLD","05FEB2027","8.00","0.00","8","0.00","0.00","0.00","0.00","1.25","1.25","0.00","0.015716","0.248492"
"7/10/2026 12:00:00 AM","1","FUTCOM","GOLD","05APR2027","8.32","0.00","8.32","0.00","0.00","0.00","0.00","1.25","1.25","0.00","0.01634","0.258358"
"7/10/2026 12:00:00 AM","1","FUTCOM","GOLD","04JUN2027","9.21","0.00","9.21","0.00","0.00","0.00","0.00","1.25","1.25","0.00","0.018028","0.285048"
"7/10/2026 12:00:00 AM","1","FUTCOM","GOLDGUINEA","31JUL2026","8.00","0.00","8","0.00","0.00","0.00","0.00","1.25","1.25","0.00","0.013153","0.207967"
"7/10/2026 12:00:00 AM","1","FUTCOM","GOLDGUINEA","31AUG2026","8.00","0.00","8","0.00","0.00","0.00","0.00","1.25","1.25","0.00","0.012961","0.204931"
"7/10/2026 12:00:00 AM","1","FUTCOM","GOLDGUINEA","30SEP2026","8.00","0.00","8","0.00","0.00","0.00","0.00","1.25","1.25","0.00","0.012806","0.202481"
"7/10/2026 12:00:00 AM","1","FUTCOM","GOLDGUINEA","30OCT2026","8.00","0.00","8","0.00","0.00","0.00","0.00","1.25","1.25","0.00","0.01257","0.198749"
"7/10/2026 12:00:00 AM","1","FUTCOM","GOLDGUINEA","30NOV2026","8.00","0.00","8","0.00","0.00","0.00","0.00","1.25","1.25","0.00","0.013038","0.206149"
"7/10/2026 12:00:00 AM","1","FUTCOM","GOLDGUINEA","31DEC2026","8.00","0.00","8","0.00","0.00","0.00","0.00","1.25","1.25","0.00","0.01382","0.218513"
"7/10/2026 12:00:00 AM","1","FUTCOM","GOLDM","05AUG2026","8.00","0.00","8","0.00","0.00","0.00","0.00","1.25","1.25","0.00","0.013856","0.219083"
"7/10/2026 12:00:00 AM","1","FUTCOM","GOLDM","04SEP2026","8.00","0.00","8","0.00","0.00","0.00","0.00","1.25","1.25","0.00","0.013856","0.219083"
"7/10/2026 12:00:00 AM","1","FUTCOM","GOLDM","05OCT2026","8.00","0.00","8","0.00","0.00","0.00","0.00","1.25","1.25","0.00","0.013892","0.219652"
"7/10/2026 12:00:00 AM","1","FUTCOM","GOLDM","05NOV2026","8.00","0.00","8","0.00","0.00","0.00","0.00","1.25","1.25","0.00","0.013892","0.219652"
"7/10/2026 12:00:00 AM","1","FUTCOM","GOLDM","04DEC2026","8.00","0.00","8","0.00","0.00","0.00","0.00","1.25","1.25","0.00","0.012845","0.203097"
"7/10/2026 12:00:00 AM","1","FUTCOM","GOLDM","05JAN2027","8.00","0.00","8","0.00","0.00","0.00","0.00","1.25","1.25","0.00","0.012806","0.202481"
"7/10/2026 12:00:00 AM","1","FUTCOM","GOLDPETAL","31JUL2026","8.00","0.00","8","0.00","0.00","0.00","0.00","1.25","1.25","0.00","0.013229","0.209169"
"7/10/2026 12:00:00 AM","1","FUTCOM","GOLDPETAL","31AUG2026","8.00","0.00","8","0.00","0.00","0.00","0.00","1.25","1.25","0.00","0.013191","0.208568"
"7/10/2026 12:00:00 AM","1","FUTCOM","GOLDPETAL","30SEP2026","8.00","0.00","8","0.00","0.00","0.00","0.00","1.25","1.25","0.00","0.013038","0.206149"
"7/10/2026 12:00:00 AM","1","FUTCOM","GOLDPETAL","30OCT2026","8.00","0.00","8","0.00","0.00","0.00","0.00","1.25","1.25","0.00","0.013","0.205548"
"7/10/2026 12:00:00 AM","1","FUTCOM","GOLDPETAL","30NOV2026","8.00","0.00","8","0.00","0.00","0.00","0.00","1.25","1.25","0.00","0.012923","0.204331"
"7/10/2026 12:00:00 AM","1","FUTCOM","GOLDPETAL","31DEC2026","8.00","0.00","8","0.00","0.00","0.00","0.00","1.25","1.25","0.00","0.013454","0.212726"
"7/10/2026 12:00:00 AM","1","FUTCOM","GOLDTEN","31JUL2026","8.00","0.00","8","0.00","0.00","0.00","0.00","1.25","1.25","0.00","0.013675","0.216221"
"7/10/2026 12:00:00 AM","1","FUTCOM","GOLDTEN","31AUG2026","8.00","0.00","8","0.00","0.00","0.00","0.00","1.25","1.25","0.00","0.013528","0.213896"
"7/10/2026 12:00:00 AM","1","FUTCOM","GOLDTEN","30SEP2026","8.00","0.00","8","0.00","0.00","0.00","0.00","1.25","1.25","0.00","0.013491","0.213311"
"7/10/2026 12:00:00 AM","1","FUTCOM","GOLDTEN","30OCT2026","8.00","0.00","8","0.00","0.00","0.00","0.00","1.25","1.25","0.00","0.013115","0.207366"
"7/10/2026 12:00:00 AM","1","FUTCOM","GOLDTEN","30NOV2026","8.00","0.00","8","0.00","0.00","0.00","0.00","1.25","1.25","0.00","0.013229","0.209169"
"7/10/2026 12:00:00 AM","1","FUTCOM","GOLDTEN","31DEC2026","8.00","0.00","8","0.00","0.00","0.00","0.00","1.25","1.25","0.00","0.013748","0.217375"
"7/10/2026 12:00:00 AM","1","FUTCOM","KAPAS","30NOV2026","10.00","0.00","10","0.00","0.00","0.00","0.00","1.25","1.25","0.00","0.002828","0.044715"
"7/10/2026 12:00:00 AM","1","FUTCOM","KAPAS","26FEB2027","10.00","0.00","10","0.00","0.00","0.00","0.00","1.25","1.25","0.00","0.002828","0.044715"
"7/10/2026 12:00:00 AM","1","FUTCOM","KAPAS","30APR2027","10.00","0.00","10","0.00","0.00","0.00","0.00","1.25","1.25","0.00","0.002828","0.044715"
"7/10/2026 12:00:00 AM","1","FUTCOM","LEAD","31JUL2026","6.00","0.00","6","0.00","0.00","0.00","0.00","1.25","1.25","0.00","0.007211","0.114016"
"7/10/2026 12:00:00 AM","1","FUTCOM","LEAD","31AUG2026","6.00","0.00","6","0.00","0.00","0.00","0.00","1.25","1.25","0.00","0.009592","0.151663"
"7/10/2026 12:00:00 AM","1","FUTCOM","LEAD","30SEP2026","8.39","0.00","8.39","0.00","0.00","0.00","0.00","1.25","1.25","0.00","0.016462","0.260287"
"7/10/2026 12:00:00 AM","1","FUTCOM","LEAD","30OCT2026","11.16","0.00","11.16","0.00","0.00","0.00","0.00","1.25","1.25","0.00","0.021703","0.343155"
"7/10/2026 12:00:00 AM","1","FUTCOM","LEAD","30NOV2026","11.60","0.00","11.6","0.00","0.00","0.00","0.00","1.25","1.25","0.00","0.022517","0.356025"
"7/10/2026 12:00:00 AM","1","FUTCOM","LEADMINI","31JUL2026","6.00","0.00","6","0.00","0.00","0.00","0.00","1.25","1.25","0.00","0.007616","0.12042"
"7/10/2026 12:00:00 AM","1","FUTCOM","LEADMINI","31AUG2026","6.00","0.00","6","0.00","0.00","0.00","0.00","1.25","1.25","0.00","0.01077","0.170289"
"7/10/2026 12:00:00 AM","1","FUTCOM","LEADMINI","30SEP2026","6.97","0.00","6.97","0.00","0.00","0.00","0.00","1.25","1.25","0.00","0.013748","0.217375"
"7/10/2026 12:00:00 AM","1","FUTCOM","LEADMINI","30OCT2026","7.93","0.00","7.93","0.00","0.00","0.00","0.00","1.25","1.25","0.00","0.015588","0.246468"
"7/10/2026 12:00:00 AM","1","FUTCOM","LEADMINI","30NOV2026","8.18","0.00","8.18","0.00","0.00","0.00","0.00","1.25","1.25","0.00","0.016062","0.253963"
"7/10/2026 12:00:00 AM","1","FUTIDX","MCXBULLDEX","29JUL2026","10.19","0.00","10.19","0.00","0.00","0.00","0.00","1","1","0.00","0.01634","0.258358"
"7/10/2026 12:00:00 AM","1","FUTIDX","MCXBULLDEX","28AUG2026","10.21","0.00","10.21","0.00","0.00","0.00","0.00","1","1","0.00","0.016371","0.258848"
"7/10/2026 12:00:00 AM","1","FUTIDX","MCXBULLDEX","25SEP2026","10.23","0.00","10.23","0.00","0.00","0.00","0.00","1","1","0.00","0.016401","0.259323"
"7/10/2026 12:00:00 AM","1","FUTIDX","MCXMETLDEX","24JUL2026","7.19","0.00","7.19","0.00","0.00","0.00","0.00","1","1","0.00","0.011619","0.183713"
"7/10/2026 12:00:00 AM","1","FUTIDX","MCXMETLDEX","24AUG2026","7.16","0.00","7.16","0.00","0.00","0.00","0.00","1","1","0.00","0.011576","0.183033"
"7/10/2026 12:00:00 AM","1","FUTIDX","MCXMETLDEX","23SEP2026","7.22","0.00","7.22","0.00","0.00","0.00","0.00","1","1","0.00","0.011662","0.184392"
"7/10/2026 12:00:00 AM","1","FUTCOM","MENTHAOIL","31JUL2026","17.18","0.00","17.18","2.5","2.5","0.00","0.00","1.25","1.25","0.00","0.027019","0.427208"
"7/10/2026 12:00:00 AM","1","FUTCOM","MENTHAOIL","31AUG2026","17.35","0.00","17.35","2.5","2.5","0.00","0.00","1.25","1.25","0.00","0.027276","0.431271"
"7/10/2026 12:00:00 AM","1","FUTCOM","MENTHAOIL","30SEP2026","8.00","0.00","8","2.5","2.5","0.00","0.00","1.25","1.25","0.00","0.002828","0.044715"
"7/10/2026 12:00:00 AM","1","FUTCOM","MENTHAOIL","30OCT2026","8.00","0.00","8","2.5","2.5","0.00","0.00","1.25","1.25","0.00","0.002828","0.044715"
"7/10/2026 12:00:00 AM","1","FUTCOM","MENTHAOIL","30NOV2026","8.00","0.00","8","2.5","2.5","0.00","0.00","1.25","1.25","0.00","0.002828","0.044715"
"7/10/2026 12:00:00 AM","1","FUTCOM","MENTHAOIL","31DEC2026","8.00","0.00","8","2.5","2.5","0.00","0.00","1.25","1.25","0.00","0.002828","0.044715"
"7/10/2026 12:00:00 AM","1","FUTCOM","NATGASMINI","28JUL2026","16.42","0.00","16.42","0.00","0.00","0.00","0.00","1.25","1.25","0.00","0.025884","0.409262"
"7/10/2026 12:00:00 AM","1","FUTCOM","NATGASMINI","26AUG2026","14.90","0.00","14.9","0.00","0.00","0.00","0.00","1.25","1.25","0.00","0.02358","0.372833"
"7/10/2026 12:00:00 AM","1","FUTCOM","NATGASMINI","25SEP2026","13.32","0.00","13.32","0.00","0.00","0.00","0.00","1.25","1.25","0.00","0.021166","0.334664"
"7/10/2026 12:00:00 AM","1","FUTCOM","NATGASMINI","27OCT2026","13.79","0.00","13.79","0.00","0.00","0.00","0.00","1.25","1.25","0.00","0.021886","0.346048"
"7/10/2026 12:00:00 AM","1","FUTCOM","NATGASMINI","24NOV2026","13.00","0.00","13","0.00","0.00","0.00","0.00","1.25","1.25","0.00","0.018303","0.289396"
"7/10/2026 12:00:00 AM","1","FUTCOM","NATGASMINI","28DEC2026","13.00","0.00","13","0.00","0.00","0.00","0.00","1.25","1.25","0.00","0.019235","0.304132"
"7/10/2026 12:00:00 AM","1","FUTCOM","NATURALGAS","28JUL2026","16.45","0.00","16.45","0.00","0.00","0.00","0.00","1.25","1.25","0.00","0.025923","0.409879"
"7/10/2026 12:00:00 AM","1","FUTCOM","NATURALGAS","26AUG2026","14.82","0.00","14.82","0.00","0.00","0.00","0.00","1.25","1.25","0.00","0.023452","0.370809"
"7/10/2026 12:00:00 AM","1","FUTCOM","NATURALGAS","25SEP2026","14.52","0.00","14.52","0.00","0.00","0.00","0.00","1.25","1.25","0.00","0.023","0.363662"
"7/10/2026 12:00:00 AM","1","FUTCOM","NATURALGAS","27OCT2026","13.00","0.00","13","0.00","0.00","0.00","0.00","1.25","1.25","0.00","0.020224","0.31977"
"7/10/2026 12:00:00 AM","1","FUTCOM","NATURALGAS","24NOV2026","22.02","0.00","22.02","0.00","0.00","0.00","0.00","1.25","1.25","0.00","0.034191","0.540607"
"7/10/2026 12:00:00 AM","1","FUTCOM","NATURALGAS","28DEC2026","29.87","0.00","29.87","0.00","0.00","0.00","0.00","1.25","1.25","0.00","0.045453","0.718675"
"7/10/2026 12:00:00 AM","1","FUTCOM","NICKEL","15JUL2026","10.00","0.00","10","0.00","0.00","0.00","0.00","1.25","1.25","0.00","0.012083","0.191049"
"7/10/2026 12:00:00 AM","1","FUTCOM","NICKEL","19AUG2026","10.00","0.00","10","0.00","0.00","0.00","0.00","1.25","1.25","0.00","0.011489","0.181657"
"7/10/2026 12:00:00 AM","1","FUTCOM","NICKEL","16SEP2026","10.00","0.00","10","0.00","0.00","0.00","0.00","1.25","1.25","0.00","0.010583","0.167332"
"7/10/2026 12:00:00 AM","1","FUTCOM","NICKEL","21OCT2026","10.00","0.00","10","0.00","0.00","0.00","0.00","1.25","1.25","0.00","0.00995","0.157323"
"7/10/2026 12:00:00 AM","1","FUTCOM","NICKEL","18NOV2026","10.00","0.00","10","0.00","0.00","0.00","0.00","1.25","1.25","0.00","0.01063","0.168075"
"7/10/2026 12:00:00 AM","1","FUTCOM","SILVER","04SEP2026","16.55","0.00","16.55","0.00","0.00","0.00","0.00","1.25","1.25","0.00","0.026077","0.412314"
"7/10/2026 12:00:00 AM","1","FUTCOM","SILVER","04DEC2026","16.69","0.00","16.69","0.00","0.00","0.00","0.00","1.25","1.25","0.00","0.026287","0.415634"
"7/10/2026 12:00:00 AM","1","FUTCOM","SILVER","05MAR2027","17.86","0.00","17.86","0.00","0.00","0.00","0.00","1.25","1.25","0.00","0.028036","0.443288"
"7/10/2026 12:00:00 AM","1","FUTCOM","SILVER","05MAY2027","19.53","0.00","19.53","0.00","0.00","0.00","0.00","1.25","1.25","0.00","0.030529","0.482706"
"7/10/2026 12:00:00 AM","1","FUTCOM","SILVER100","31JUL2026","15.98","0.00","15.98","0.00","0.00","0.00","0.00","1.25","1.25","0.00","0.025219","0.398747"
"7/10/2026 12:00:00 AM","1","FUTCOM","SILVER100","31AUG2026","15.73","0.00","15.73","0.00","0.00","0.00","0.00","1.25","1.25","0.00","0.024839","0.392739"
"7/10/2026 12:00:00 AM","1","FUTCOM","SILVER100","30SEP2026","15.41","0.00","15.41","0.00","0.00","0.00","0.00","1.25","1.25","0.00","0.024352","0.385039"
"7/10/2026 12:00:00 AM","1","FUTCOM","SILVER100","30OCT2026","15.19","0.00","15.19","0.00","0.00","0.00","0.00","1.25","1.25","0.00","0.024021","0.379805"
"7/10/2026 12:00:00 AM","1","FUTCOM","SILVER100","30NOV2026","16.24","0.00","16.24","0.00","0.00","0.00","0.00","1.25","1.25","0.00","0.025612","0.404961"
"7/10/2026 12:00:00 AM","1","FUTCOM","SILVER100","31DEC2026","16.62","0.00","16.62","0.00","0.00","0.00","0.00","1.25","1.25","0.00","0.026173","0.413831"
"7/10/2026 12:00:00 AM","1","FUTCOM","SILVERM","31AUG2026","15.49","0.00","15.49","0.00","0.00","0.00","0.00","1.25","1.25","0.00","0.024474","0.386968"
"7/10/2026 12:00:00 AM","1","FUTCOM","SILVERM","30NOV2026","15.63","0.00","15.63","0.00","0.00","0.00","0.00","1.25","1.25","0.00","0.024678","0.390193"
"7/10/2026 12:00:00 AM","1","FUTCOM","SILVERM","26FEB2027","15.93","0.00","15.93","0.00","0.00","0.00","0.00","1.25","1.25","0.00","0.02514","0.397498"
"7/10/2026 12:00:00 AM","1","FUTCOM","SILVERM","30APR2027","15.25","0.00","15.25","0.00","0.00","0.00","0.00","1.25","1.25","0.00","0.024104","0.381118"
"7/10/2026 12:00:00 AM","1","FUTCOM","SILVERMIC","31AUG2026","15.50","0.00","15.5","0.00","0.00","0.00","0.00","1.25","1.25","0.00","0.024495","0.3873"
"7/10/2026 12:00:00 AM","1","FUTCOM","SILVERMIC","30NOV2026","15.60","0.00","15.6","0.00","0.00","0.00","0.00","1.25","1.25","0.00","0.024637","0.389545"
"7/10/2026 12:00:00 AM","1","FUTCOM","SILVERMIC","26FEB2027","15.75","0.00","15.75","0.00","0.00","0.00","0.00","1.25","1.25","0.00","0.02486","0.393071"
"7/10/2026 12:00:00 AM","1","FUTCOM","STEELREBAR","31JUL2026","8.00","0.00","8","0.00","0.00","0.00","0.00","1.25","1.25","0.00","0.01044","0.165071"
"7/10/2026 12:00:00 AM","1","FUTCOM","STEELREBAR","31AUG2026","8.00","0.00","8","0.00","0.00","0.00","0.00","1.25","1.25","0.00","0.01044","0.165071"
"7/10/2026 12:00:00 AM","1","FUTCOM","STEELREBAR","30SEP2026","8.00","0.00","8","0.00","0.00","0.00","0.00","1.25","1.25","0.00","0.010488","0.16583"
"7/10/2026 12:00:00 AM","1","FUTCOM","STEELREBAR","30OCT2026","8.00","0.00","8","0.00","0.00","0.00","0.00","1.25","1.25","0.00","0.01063","0.168075"
"7/10/2026 12:00:00 AM","1","FUTCOM","STEELREBAR","30NOV2026","8.00","0.00","8","0.00","0.00","0.00","0.00","1.25","1.25","0.00","0.010392","0.164312"
"7/10/2026 12:00:00 AM","1","FUTCOM","ZINC","31JUL2026","8.00","0.00","8","0.00","0.00","0.00","0.00","1.25","1.25","0.00","0.01241","0.196219"
"7/10/2026 12:00:00 AM","1","FUTCOM","ZINC","31AUG2026","8.00","0.00","8","0.00","0.00","0.00","0.00","1.25","1.25","0.00","0.013153","0.207967"
"7/10/2026 12:00:00 AM","1","FUTCOM","ZINC","30SEP2026","8.00","0.00","8","0.00","0.00","0.00","0.00","1.25","1.25","0.00","0.014933","0.236111"
"7/10/2026 12:00:00 AM","1","FUTCOM","ZINC","30OCT2026","8.21","0.00","8.21","0.00","0.00","0.00","0.00","1.25","1.25","0.00","0.016125","0.254959"
"7/10/2026 12:00:00 AM","1","FUTCOM","ZINC","30NOV2026","8.39","0.00","8.39","0.00","0.00","0.00","0.00","1.25","1.25","0.00","0.016462","0.260287"
"7/10/2026 12:00:00 AM","1","FUTCOM","ZINCMINI","31JUL2026","8.00","0.00","8","0.00","0.00","0.00","0.00","1.25","1.25","0.00","0.012288","0.19429"
"7/10/2026 12:00:00 AM","1","FUTCOM","ZINCMINI","31AUG2026","8.00","0.00","8","0.00","0.00","0.00","0.00","1.25","1.25","0.00","0.012247","0.193642"
"7/10/2026 12:00:00 AM","1","FUTCOM","ZINCMINI","30SEP2026","8.00","0.00","8","0.00","0.00","0.00","0.00","1.25","1.25","0.00","0.013077","0.206766"
"7/10/2026 12:00:00 AM","1","FUTCOM","ZINCMINI","30OCT2026","8.73","0.00","8.73","0.00","0.00","0.00","0.00","1.25","1.25","0.00","0.017117","0.270644"
"7/10/2026 12:00:00 AM","1","FUTCOM","ZINCMINI","30NOV2026","8.82","0.00","8.82","0.00","0.00","0.00","0.00","1.25","1.25","0.00","0.017292","0.273411"
"7/10/2026 12:00:00 AM","2","FUTCOM","ALUMINI","31JUL2026","8.00","0.00","8","0.00","0.00","0.00","0.00","1.25","1.25","0.00","0.014595","0.230767"
"7/10/2026 12:00:00 AM","2","FUTCOM","ALUMINI","31AUG2026","8.91","0.00","8.91","0.00","0.00","0.00","0.00","1.25","1.25","0.00","0.017464","0.27613"
"7/10/2026 12:00:00 AM","2","FUTCOM","ALUMINI","30SEP2026","9.43","0.00","9.43","0.00","0.00","0.00","0.00","1.25","1.25","0.00","0.018439","0.291546"
"7/10/2026 12:00:00 AM","2","FUTCOM","ALUMINI","30OCT2026","14.04","0.00","14.04","0.00","0.00","0.00","0.00","1.25","1.25","0.00","0.027037","0.427493"
"7/10/2026 12:00:00 AM","2","FUTCOM","ALUMINI","30NOV2026","15.06","0.00","15.06","0.00","0.00","0.00","0.00","1.25","1.25","0.00","0.028914","0.45717"
"7/10/2026 12:00:00 AM","2","FUTCOM","ALUMINIUM","31JUL2026","8.00","0.00","8","0.00","0.00","0.00","0.00","1.25","1.25","0.00","0.014933","0.236111"
"7/10/2026 12:00:00 AM","2","FUTCOM","ALUMINIUM","31AUG2026","8.00","0.00","8","0.00","0.00","0.00","0.00","1.25","1.25","0.00","0.015652","0.24748"
"7/10/2026 12:00:00 AM","2","FUTCOM","ALUMINIUM","30SEP2026","8.84","0.00","8.84","0.00","0.00","0.00","0.00","1.25","1.25","0.00","0.017321","0.273869"
"7/10/2026 12:00:00 AM","2","FUTCOM","ALUMINIUM","30OCT2026","14.72","0.00","14.72","0.00","0.00","0.00","0.00","1.25","1.25","0.00","0.028284","0.447209"
"7/10/2026 12:00:00 AM","2","FUTCOM","ALUMINIUM","30NOV2026","16.26","0.00","16.26","0.00","0.00","0.00","0.00","1.25","1.25","0.00","0.031097","0.491687"
"7/10/2026 12:00:00 AM","2","FUTCOM","CARDAMOM","31JUL2026","12.00","0.00","12","0.00","0.00","0.00","0.00","1.25","1.25","0.00","0.014765","0.233455"
"7/10/2026 12:00:00 AM","2","FUTCOM","CARDAMOM","31AUG2026","12.37","0.00","12.37","0.00","0.00","0.00","0.00","1.25","1.25","0.00","0.017146","0.271102"
"7/10/2026 12:00:00 AM","2","FUTCOM","CARDAMOM","30SEP2026","12.00","0.00","12","0.00","0.00","0.00","0.00","1.25","1.25","0.00","0.014629","0.231305"
"7/10/2026 12:00:00 AM","2","FUTCOM","CARDAMOM","30OCT2026","12.00","0.00","12","0.00","0.00","0.00","0.00","1.25","1.25","0.00","0.014629","0.231305"
"7/10/2026 12:00:00 AM","2","FUTCOM","CARDAMOM","30NOV2026","12.00","0.00","12","0.00","0.00","0.00","0.00","1.25","1.25","0.00","0.012884","0.203714"
"7/10/2026 12:00:00 AM","2","FUTCOM","COPPER","31JUL2026","8.00","0.00","8","0.00","0.00","0.00","0.00","1.25","1.25","0.00","0.013115","0.207366"
"7/10/2026 12:00:00 AM","2","FUTCOM","COPPER","31AUG2026","8.00","0.00","8","0.00","0.00","0.00","0.00","1.25","1.25","0.00","0.013266","0.209754"
"7/10/2026 12:00:00 AM","2","FUTCOM","COPPER","30SEP2026","8.00","0.00","8","0.00","0.00","0.00","0.00","1.25","1.25","0.00","0.013153","0.207967"
"7/10/2026 12:00:00 AM","2","FUTCOM","COPPER","30OCT2026","8.00","0.00","8","0.00","0.00","0.00","0.00","1.25","1.25","0.00","0.012884","0.203714"
"7/10/2026 12:00:00 AM","2","FUTCOM","COPPER","30NOV2026","8.00","0.00","8","0.00","0.00","0.00","0.00","1.25","1.25","0.00","0.012767","0.201864"
"7/10/2026 12:00:00 AM","2","FUTCOM","COTTON","31JUL2026","8.00","0.00","8","0.00","0.00","0.00","0.00","1.25","1.25","0.00","0.006245","0.098742"
"7/10/2026 12:00:00 AM","2","FUTCOM","COTTON","31AUG2026","8.00","0.00","8","0.00","0.00","0.00","0.00","1.25","1.25","0.00","0.006245","0.098742"
"7/10/2026 12:00:00 AM","2","FUTCOM","COTTON","30NOV2026","8.00","0.00","8","0.00","0.00","0.00","0.00","1.25","1.25","0.00","0.004472","0.070709"
"7/10/2026 12:00:00 AM","2","FUTCOM","COTTON","31DEC2026","8.00","0.00","8","0.00","0.00","0.00","0.00","1.25","1.25","0.00","0.004472","0.070709"
"7/10/2026 12:00:00 AM","2","FUTCOM","COTTON","29JAN2027","8.00","0.00","8","0.00","0.00","0.00","0.00","1.25","1.25","0.00","0.004472","0.070709"
"7/10/2026 12:00:00 AM","2","FUTCOM","COTTONOIL","31JUL2026","10.00","0.00","10","0.00","0.00","0.00","0.00","1.25","1.25","0.00","0.003606","0.057016"
"7/10/2026 12:00:00 AM","2","FUTCOM","COTTONOIL","31AUG2026","10.00","0.00","10","0.00","0.00","0.00","0.00","1.25","1.25","0.00","0.003606","0.057016"
"7/10/2026 12:00:00 AM","2","FUTCOM","COTTONOIL","30SEP2026","10.00","0.00","10","0.00","0.00","0.00","0.00","1.25","1.25","0.00","0.003606","0.057016"
"7/10/2026 12:00:00 AM","2","FUTCOM","COTTONOIL","30OCT2026","10.00","0.00","10","0.00","0.00","0.00","0.00","1.25","1.25","0.00","0.003606","0.057016"
"7/10/2026 12:00:00 AM","2","FUTCOM","CRUDEOIL","20JUL2026","30.00","0.00","30","0.00","0.00","0.00","0.00","1.25","1.25","0.00","0.029698","0.469567"
"7/10/2026 12:00:00 AM","2","FUTCOM","CRUDEOIL","19AUG2026","30.00","0.00","30","0.00","0.00","0.00","0.00","1.25","1.25","0.00","0.027423","0.433596"
"7/10/2026 12:00:00 AM","2","FUTCOM","CRUDEOIL","21SEP2026","30.00","0.00","30","0.00","0.00","0.00","0.00","1.25","1.25","0.00","0.025179","0.398115"
"7/10/2026 12:00:00 AM","2","FUTCOM","CRUDEOIL","19OCT2026","30.00","0.00","30","0.00","0.00","0.00","0.00","1.25","1.25","0.00","0.020809","0.329019"
"7/10/2026 12:00:00 AM","2","FUTCOM","CRUDEOIL","19NOV2026","30.00","0.00","30","0.00","0.00","0.00","0.00","1.25","1.25","0.00","0.021401","0.33838"
"7/10/2026 12:00:00 AM","2","FUTCOM","CRUDEOIL","18DEC2026","30.00","0.00","30","0.00","0.00","0.00","0.00","1.25","1.25","0.00","0.020664","0.326727"
"7/10/2026 12:00:00 AM","2","FUTCOM","CRUDEOILM","20JUL2026","30.00","0.00","30","0.00","0.00","0.00","0.00","1.25","1.25","0.00","0.0301","0.475923"
"7/10/2026 12:00:00 AM","2","FUTCOM","CRUDEOILM","19AUG2026","30.00","0.00","30","0.00","0.00","0.00","0.00","1.25","1.25","0.00","0.027221","0.430402"
"7/10/2026 12:00:00 AM","2","FUTCOM","CRUDEOILM","21SEP2026","30.00","0.00","30","0.00","0.00","0.00","0.00","1.25","1.25","0.00","0.025573","0.404345"
"7/10/2026 12:00:00 AM","2","FUTCOM","CRUDEOILM","19OCT2026","30.00","0.00","30","0.00","0.00","0.00","0.00","1.25","1.25","0.00","0.024393","0.385687"
"7/10/2026 12:00:00 AM","2","FUTCOM","CRUDEOILM","19NOV2026","30.00","0.00","30","0.00","0.00","0.00","0.00","1.25","1.25","0.00","0.024","0.379473"
"7/10/2026 12:00:00 AM","2","FUTCOM","CRUDEOILM","18DEC2026","30.00","0.00","30","0.00","0.00","0.00","0.00","1.25","1.25","0.00","0.023152","0.366065"
"7/10/2026 12:00:00 AM","2","FUTCOM","ELECDMBL","30JUL2026","10.60","0.00","10.6","0.00","0.00","0.00","0.00","1.25","1.25","0.00","0.016971","0.268335"
"7/10/2026 12:00:00 AM","2","FUTCOM","ELECDMBL","28AUG2026","10.00","0.00","10","0.00","0.00","0.00","0.00","1.25","1.25","0.00","0.014387","0.227478"
"7/10/2026 12:00:00 AM","2","FUTCOM","ELECDMBL","29SEP2026","10.00","0.00","10","0.00","0.00","0.00","0.00","1.25","1.25","0.00","0.013601","0.215051"
"7/10/2026 12:00:00 AM","2","FUTCOM","ELECDMBL","30OCT2026","14.79","0.00","14.79","0.00","0.00","0.00","0.00","1.25","1.25","0.00","0.023409","0.370129"
"7/10/2026 12:00:00 AM","2","FUTCOM","GOLD","05AUG2026","8.00","0.00","8","0.00","0.00","0.00","0.00","1.25","1.25","0.00","0.013565","0.214481"
"7/10/2026 12:00:00 AM","2","FUTCOM","GOLD","05OCT2026","8.00","0.00","8","0.00","0.00","0.00","0.00","1.25","1.25","0.00","0.013856","0.219083"
"7/10/2026 12:00:00 AM","2","FUTCOM","GOLD","04DEC2026","8.00","0.00","8","0.00","0.00","0.00","0.00","1.25","1.25","0.00","0.013892","0.219652"
"7/10/2026 12:00:00 AM","2","FUTCOM","GOLD","05FEB2027","8.00","0.00","8","0.00","0.00","0.00","0.00","1.25","1.25","0.00","0.015232","0.240839"
"7/10/2026 12:00:00 AM","2","FUTCOM","GOLD","05APR2027","8.06","0.00","8.06","0.00","0.00","0.00","0.00","1.25","1.25","0.00","0.015843","0.2505"
"7/10/2026 12:00:00 AM","2","FUTCOM","GOLD","04JUN2027","8.93","0.00","8.93","0.00","0.00","0.00","0.00","1.25","1.25","0.00","0.017493","0.276589"
"7/10/2026 12:00:00 AM","2","FUTCOM","GOLDGUINEA","31JUL2026","8.00","0.00","8","0.00","0.00","0.00","0.00","1.25","1.25","0.00","0.012767","0.201864"
"7/10/2026 12:00:00 AM","2","FUTCOM","GOLDGUINEA","31AUG2026","8.00","0.00","8","0.00","0.00","0.00","0.00","1.25","1.25","0.00","0.01257","0.198749"
"7/10/2026 12:00:00 AM","2","FUTCOM","GOLDGUINEA","30SEP2026","8.00","0.00","8","0.00","0.00","0.00","0.00","1.25","1.25","0.00","0.01241","0.196219"
"7/10/2026 12:00:00 AM","2","FUTCOM","GOLDGUINEA","30OCT2026","8.00","0.00","8","0.00","0.00","0.00","0.00","1.25","1.25","0.00","0.012207","0.19301"
"7/10/2026 12:00:00 AM","2","FUTCOM","GOLDGUINEA","30NOV2026","8.00","0.00","8","0.00","0.00","0.00","0.00","1.25","1.25","0.00","0.012649","0.199998"
"7/10/2026 12:00:00 AM","2","FUTCOM","GOLDGUINEA","31DEC2026","8.00","0.00","8","0.00","0.00","0.00","0.00","1.25","1.25","0.00","0.013416","0.212126"
"7/10/2026 12:00:00 AM","2","FUTCOM","GOLDM","05AUG2026","8.00","0.00","8","0.00","0.00","0.00","0.00","1.25","1.25","0.00","0.013416","0.212126"
"7/10/2026 12:00:00 AM","2","FUTCOM","GOLDM","04SEP2026","8.00","0.00","8","0.00","0.00","0.00","0.00","1.25","1.25","0.00","0.013416","0.212126"
"7/10/2026 12:00:00 AM","2","FUTCOM","GOLDM","05OCT2026","8.00","0.00","8","0.00","0.00","0.00","0.00","1.25","1.25","0.00","0.013454","0.212726"
"7/10/2026 12:00:00 AM","2","FUTCOM","GOLDM","05NOV2026","8.00","0.00","8","0.00","0.00","0.00","0.00","1.25","1.25","0.00","0.013454","0.212726"
"7/10/2026 12:00:00 AM","2","FUTCOM","GOLDM","04DEC2026","8.00","0.00","8","0.00","0.00","0.00","0.00","1.25","1.25","0.00","0.01245","0.196852"
"7/10/2026 12:00:00 AM","2","FUTCOM","GOLDM","05JAN2027","8.00","0.00","8","0.00","0.00","0.00","0.00","1.25","1.25","0.00","0.01241","0.196219"
"7/10/2026 12:00:00 AM","2","FUTCOM","GOLDPETAL","31JUL2026","8.00","0.00","8","0.00","0.00","0.00","0.00","1.25","1.25","0.00","0.012845","0.203097"
"7/10/2026 12:00:00 AM","2","FUTCOM","GOLDPETAL","31AUG2026","8.00","0.00","8","0.00","0.00","0.00","0.00","1.25","1.25","0.00","0.012806","0.202481"
"7/10/2026 12:00:00 AM","2","FUTCOM","GOLDPETAL","30SEP2026","8.00","0.00","8","0.00","0.00","0.00","0.00","1.25","1.25","0.00","0.012649","0.199998"
"7/10/2026 12:00:00 AM","2","FUTCOM","GOLDPETAL","30OCT2026","8.00","0.00","8","0.00","0.00","0.00","0.00","1.25","1.25","0.00","0.01261","0.199382"
"7/10/2026 12:00:00 AM","2","FUTCOM","GOLDPETAL","30NOV2026","8.00","0.00","8","0.00","0.00","0.00","0.00","1.25","1.25","0.00","0.01253","0.198117"
"7/10/2026 12:00:00 AM","2","FUTCOM","GOLDPETAL","31DEC2026","8.00","0.00","8","0.00","0.00","0.00","0.00","1.25","1.25","0.00","0.013038","0.206149"
"7/10/2026 12:00:00 AM","2","FUTCOM","GOLDTEN","31JUL2026","8.00","0.00","8","0.00","0.00","0.00","0.00","1.25","1.25","0.00","0.013304","0.210355"
"7/10/2026 12:00:00 AM","2","FUTCOM","GOLDTEN","31AUG2026","8.00","0.00","8","0.00","0.00","0.00","0.00","1.25","1.25","0.00","0.013115","0.207366"
"7/10/2026 12:00:00 AM","2","FUTCOM","GOLDTEN","30SEP2026","8.00","0.00","8","0.00","0.00","0.00","0.00","1.25","1.25","0.00","0.013077","0.206766"
"7/10/2026 12:00:00 AM","2","FUTCOM","GOLDTEN","30OCT2026","8.00","0.00","8","0.00","0.00","0.00","0.00","1.25","1.25","0.00","0.012728","0.201247"
"7/10/2026 12:00:00 AM","2","FUTCOM","GOLDTEN","30NOV2026","8.00","0.00","8","0.00","0.00","0.00","0.00","1.25","1.25","0.00","0.012845","0.203097"
"7/10/2026 12:00:00 AM","2","FUTCOM","GOLDTEN","31DEC2026","8.00","0.00","8","0.00","0.00","0.00","0.00","1.25","1.25","0.00","0.013342","0.210956"
"7/10/2026 12:00:00 AM","2","FUTCOM","KAPAS","30NOV2026","10.00","0.00","10","0.00","0.00","0.00","0.00","1.25","1.25","0.00","0.002828","0.044715"
"7/10/2026 12:00:00 AM","2","FUTCOM","KAPAS","26FEB2027","10.00","0.00","10","0.00","0.00","0.00","0.00","1.25","1.25","0.00","0.002828","0.044715"
"7/10/2026 12:00:00 AM","2","FUTCOM","KAPAS","30APR2027","10.00","0.00","10","0.00","0.00","0.00","0.00","1.25","1.25","0.00","0.002828","0.044715"
"7/10/2026 12:00:00 AM","2","FUTCOM","LEAD","31JUL2026","6.00","0.00","6","0.00","0.00","0.00","0.00","1.25","1.25","0.00","0.007","0.11068"
"7/10/2026 12:00:00 AM","2","FUTCOM","LEAD","31AUG2026","6.00","0.00","6","0.00","0.00","0.00","0.00","1.25","1.25","0.00","0.009274","0.146635"
"7/10/2026 12:00:00 AM","2","FUTCOM","LEAD","30SEP2026","8.13","0.00","8.13","0.00","0.00","0.00","0.00","1.25","1.25","0.00","0.015969","0.252492"
"7/10/2026 12:00:00 AM","2","FUTCOM","LEAD","30OCT2026","10.81","0.00","10.81","0.00","0.00","0.00","0.00","1.25","1.25","0.00","0.021048","0.332798"
"7/10/2026 12:00:00 AM","2","FUTCOM","LEAD","30NOV2026","11.23","0.00","11.23","0.00","0.00","0.00","0.00","1.25","1.25","0.00","0.02184","0.345321"
"7/10/2026 12:00:00 AM","2","FUTCOM","LEADMINI","30OCT2026","7.68","0.00","7.68","0.00","0.00","0.00","0.00","1.25","1.25","0.00","0.0151","0.238752"
"7/10/2026 12:00:00 AM","2","FUTCOM","LEADMINI","31JUL2026","6.00","0.00","6","0.00","0.00","0.00","0.00","1.25","1.25","0.00","0.007416","0.117257"
"7/10/2026 12:00:00 AM","2","FUTCOM","LEADMINI","30NOV2026","7.93","0.00","7.93","0.00","0.00","0.00","0.00","1.25","1.25","0.00","0.015588","0.246468"
"7/10/2026 12:00:00 AM","2","FUTCOM","LEADMINI","31AUG2026","6.00","0.00","6","0.00","0.00","0.00","0.00","1.25","1.25","0.00","0.01044","0.165071"
"7/10/2026 12:00:00 AM","2","FUTCOM","LEADMINI","30SEP2026","6.76","0.00","6.76","0.00","0.00","0.00","0.00","1.25","1.25","0.00","0.013342","0.210956"
"7/10/2026 12:00:00 AM","2","FUTIDX","MCXBULLDEX","29JUL2026","9.88","0.00","9.88","0.00","0.00","0.00","0.00","1","1","0.00","0.015843","0.2505"
"7/10/2026 12:00:00 AM","2","FUTIDX","MCXBULLDEX","28AUG2026","9.90","0.00","9.9","0.00","0.00","0.00","0.00","1","1","0.00","0.015875","0.251006"
"7/10/2026 12:00:00 AM","2","FUTIDX","MCXBULLDEX","25SEP2026","9.92","0.00","9.92","0.00","0.00","0.00","0.00","1","1","0.00","0.015906","0.251496"
"7/10/2026 12:00:00 AM","2","FUTIDX","MCXMETLDEX","24JUL2026","6.97","0.00","6.97","0.00","0.00","0.00","0.00","1","1","0.00","0.011269","0.178179"
"7/10/2026 12:00:00 AM","2","FUTIDX","MCXMETLDEX","24AUG2026","6.94","0.00","6.94","0.00","0.00","0.00","0.00","1","1","0.00","0.011225","0.177483"
"7/10/2026 12:00:00 AM","2","FUTIDX","MCXMETLDEX","23SEP2026","7.00","0.00","7","0.00","0.00","0.00","0.00","1","1","0.00","0.011314","0.17889"
"7/10/2026 12:00:00 AM","2","FUTCOM","MENTHAOIL","31JUL2026","16.86","0.00","16.86","2.5","2.5","0.00","0.00","1.25","1.25","0.00","0.026533","0.419524"
"7/10/2026 12:00:00 AM","2","FUTCOM","MENTHAOIL","31AUG2026","17.17","0.00","17.17","2.5","2.5","0.00","0.00","1.25","1.25","0.00","0.027","0.426907"
"7/10/2026 12:00:00 AM","2","FUTCOM","MENTHAOIL","30SEP2026","8.00","0.00","8","2.5","2.5","0.00","0.00","1.25","1.25","0.00","0.002828","0.044715"
"7/10/2026 12:00:00 AM","2","FUTCOM","MENTHAOIL","30OCT2026","8.00","0.00","8","2.5","2.5","0.00","0.00","1.25","1.25","0.00","0.002828","0.044715"
"7/10/2026 12:00:00 AM","2","FUTCOM","MENTHAOIL","30NOV2026","8.00","0.00","8","2.5","2.5","0.00","0.00","1.25","1.25","0.00","0.002828","0.044715"
"7/10/2026 12:00:00 AM","2","FUTCOM","MENTHAOIL","31DEC2026","8.00","0.00","8","2.5","2.5","0.00","0.00","1.25","1.25","0.00","0.002828","0.044715"
"7/10/2026 12:00:00 AM","2","FUTCOM","NATGASMINI","28JUL2026","15.90","0.00","15.9","0.00","0.00","0.00","0.00","1.25","1.25","0.00","0.0251","0.396866"
"7/10/2026 12:00:00 AM","2","FUTCOM","NATGASMINI","26AUG2026","14.43","0.00","14.43","0.00","0.00","0.00","0.00","1.25","1.25","0.00","0.022869","0.361591"
"7/10/2026 12:00:00 AM","2","FUTCOM","NATGASMINI","25SEP2026","13.00","0.00","13","0.00","0.00","0.00","0.00","1.25","1.25","0.00","0.020518","0.324418"
"7/10/2026 12:00:00 AM","2","FUTCOM","NATGASMINI","27OCT2026","13.36","0.00","13.36","0.00","0.00","0.00","0.00","1.25","1.25","0.00","0.021237","0.335786"
"7/10/2026 12:00:00 AM","2","FUTCOM","NATGASMINI","24NOV2026","13.00","0.00","13","0.00","0.00","0.00","0.00","1.25","1.25","0.00","0.017776","0.281063"
"7/10/2026 12:00:00 AM","2","FUTCOM","NATGASMINI","28DEC2026","13.00","0.00","13","0.00","0.00","0.00","0.00","1.25","1.25","0.00","0.018655","0.294961"
"7/10/2026 12:00:00 AM","2","FUTCOM","NATURALGAS","28JUL2026","15.93","0.00","15.93","0.00","0.00","0.00","0.00","1.25","1.25","0.00","0.02514","0.397498"
"7/10/2026 12:00:00 AM","2","FUTCOM","NATURALGAS","26AUG2026","14.35","0.00","14.35","0.00","0.00","0.00","0.00","1.25","1.25","0.00","0.022738","0.359519"
"7/10/2026 12:00:00 AM","2","FUTCOM","NATURALGAS","25SEP2026","14.06","0.00","14.06","0.00","0.00","0.00","0.00","1.25","1.25","0.00","0.022293","0.352483"
"7/10/2026 12:00:00 AM","2","FUTCOM","NATURALGAS","27OCT2026","13.00","0.00","13","0.00","0.00","0.00","0.00","1.25","1.25","0.00","0.019672","0.311042"
"7/10/2026 12:00:00 AM","2","FUTCOM","NATURALGAS","24NOV2026","21.31","0.00","21.31","0.00","0.00","0.00","0.00","1.25","1.25","0.00","0.033151","0.524163"
"7/10/2026 12:00:00 AM","2","FUTCOM","NATURALGAS","28DEC2026","29.16","0.00","29.16","0.00","0.00","0.00","0.00","1.25","1.25","0.00","0.044452","0.702848"
"7/10/2026 12:00:00 AM","2","FUTCOM","NICKEL","15JUL2026","10.00","0.00","10","0.00","0.00","0.00","0.00","1.25","1.25","0.00","0.011705","0.185072"
"7/10/2026 12:00:00 AM","2","FUTCOM","NICKEL","19AUG2026","10.00","0.00","10","0.00","0.00","0.00","0.00","1.25","1.25","0.00","0.011136","0.176076"
"7/10/2026 12:00:00 AM","2","FUTCOM","NICKEL","16SEP2026","10.00","0.00","10","0.00","0.00","0.00","0.00","1.25","1.25","0.00","0.010247","0.162019"
"7/10/2026 12:00:00 AM","2","FUTCOM","NICKEL","21OCT2026","10.00","0.00","10","0.00","0.00","0.00","0.00","1.25","1.25","0.00","0.009644","0.152485"
"7/10/2026 12:00:00 AM","2","FUTCOM","NICKEL","18NOV2026","10.00","0.00","10","0.00","0.00","0.00","0.00","1.25","1.25","0.00","0.010296","0.162794"
"7/10/2026 12:00:00 AM","2","FUTCOM","SILVER","04SEP2026","16.02","0.00","16.02","0.00","0.00","0.00","0.00","1.25","1.25","0.00","0.025278","0.39968"
"7/10/2026 12:00:00 AM","2","FUTCOM","SILVER","04DEC2026","16.17","0.00","16.17","0.00","0.00","0.00","0.00","1.25","1.25","0.00","0.025495","0.403111"
"7/10/2026 12:00:00 AM","2","FUTCOM","SILVER","05MAR2027","17.29","0.00","17.29","0.00","0.00","0.00","0.00","1.25","1.25","0.00","0.027185","0.429833"
"7/10/2026 12:00:00 AM","2","FUTCOM","SILVER","05MAY2027","18.90","0.00","18.9","0.00","0.00","0.00","0.00","1.25","1.25","0.00","0.029597","0.46797"
"7/10/2026 12:00:00 AM","2","FUTCOM","SILVER100","31JUL2026","15.48","0.00","15.48","0.00","0.00","0.00","0.00","1.25","1.25","0.00","0.024454","0.386652"
"7/10/2026 12:00:00 AM","2","FUTCOM","SILVER100","31AUG2026","15.23","0.00","15.23","0.00","0.00","0.00","0.00","1.25","1.25","0.00","0.024083","0.380786"
"7/10/2026 12:00:00 AM","2","FUTCOM","SILVER100","30SEP2026","14.92","0.00","14.92","0.00","0.00","0.00","0.00","1.25","1.25","0.00","0.023601","0.373165"
"7/10/2026 12:00:00 AM","2","FUTCOM","SILVER100","30OCT2026","14.70","0.00","14.7","0.00","0.00","0.00","0.00","1.25","1.25","0.00","0.023281","0.368105"
"7/10/2026 12:00:00 AM","2","FUTCOM","SILVER100","30NOV2026","15.73","0.00","15.73","0.00","0.00","0.00","0.00","1.25","1.25","0.00","0.024839","0.392739"
"7/10/2026 12:00:00 AM","2","FUTCOM","SILVER100","31DEC2026","16.09","0.00","16.09","0.00","0.00","0.00","0.00","1.25","1.25","0.00","0.025377","0.401246"
"7/10/2026 12:00:00 AM","2","FUTCOM","SILVERM","31AUG2026","15.00","0.00","15","0.00","0.00","0.00","0.00","1.25","1.25","0.00","0.023728","0.375173"
"7/10/2026 12:00:00 AM","2","FUTCOM","SILVERM","30NOV2026","15.12","0.00","15.12","0.00","0.00","0.00","0.00","1.25","1.25","0.00","0.023917","0.378161"
"7/10/2026 12:00:00 AM","2","FUTCOM","SILVERM","26FEB2027","15.42","0.00","15.42","0.00","0.00","0.00","0.00","1.25","1.25","0.00","0.024372","0.385355"
"7/10/2026 12:00:00 AM","2","FUTCOM","SILVERM","30APR2027","14.76","0.00","14.76","0.00","0.00","0.00","0.00","1.25","1.25","0.00","0.023367","0.369465"
"7/10/2026 12:00:00 AM","2","FUTCOM","SILVERMIC","31AUG2026","15.01","0.00","15.01","0.00","0.00","0.00","0.00","1.25","1.25","0.00","0.023749","0.375505"
"7/10/2026 12:00:00 AM","2","FUTCOM","SILVERMIC","30NOV2026","15.11","0.00","15.11","0.00","0.00","0.00","0.00","1.25","1.25","0.00","0.023896","0.377829"
"7/10/2026 12:00:00 AM","2","FUTCOM","SILVERMIC","26FEB2027","15.25","0.00","15.25","0.00","0.00","0.00","0.00","1.25","1.25","0.00","0.024104","0.381118"
"7/10/2026 12:00:00 AM","2","FUTCOM","STEELREBAR","31JUL2026","8.00","0.00","8","0.00","0.00","0.00","0.00","1.25","1.25","0.00","0.0101","0.159695"
"7/10/2026 12:00:00 AM","2","FUTCOM","STEELREBAR","31AUG2026","8.00","0.00","8","0.00","0.00","0.00","0.00","1.25","1.25","0.00","0.0101","0.159695"
"7/10/2026 12:00:00 AM","2","FUTCOM","STEELREBAR","30SEP2026","8.00","0.00","8","0.00","0.00","0.00","0.00","1.25","1.25","0.00","0.010149","0.16047"
"7/10/2026 12:00:00 AM","2","FUTCOM","STEELREBAR","30OCT2026","8.00","0.00","8","0.00","0.00","0.00","0.00","1.25","1.25","0.00","0.010296","0.162794"
"7/10/2026 12:00:00 AM","2","FUTCOM","STEELREBAR","30NOV2026","8.00","0.00","8","0.00","0.00","0.00","0.00","1.25","1.25","0.00","0.0101","0.159695"
"7/10/2026 12:00:00 AM","2","FUTCOM","ZINC","31JUL2026","8.00","0.00","8","0.00","0.00","0.00","0.00","1.25","1.25","0.00","0.012083","0.191049"
"7/10/2026 12:00:00 AM","2","FUTCOM","ZINC","31AUG2026","8.00","0.00","8","0.00","0.00","0.00","0.00","1.25","1.25","0.00","0.012845","0.203097"
"7/10/2026 12:00:00 AM","2","FUTCOM","ZINC","30SEP2026","8.00","0.00","8","0.00","0.00","0.00","0.00","1.25","1.25","0.00","0.014491","0.229123"
"7/10/2026 12:00:00 AM","2","FUTCOM","ZINC","30OCT2026","8.00","0.00","8","0.00","0.00","0.00","0.00","1.25","1.25","0.00","0.01562","0.246974"
"7/10/2026 12:00:00 AM","2","FUTCOM","ZINC","30NOV2026","8.13","0.00","8.13","0.00","0.00","0.00","0.00","1.25","1.25","0.00","0.015969","0.252492"
"7/10/2026 12:00:00 AM","2","FUTCOM","ZINCMINI","31JUL2026","8.00","0.00","8","0.00","0.00","0.00","0.00","1.25","1.25","0.00","0.012","0.189737"
"7/10/2026 12:00:00 AM","2","FUTCOM","ZINCMINI","31AUG2026","8.00","0.00","8","0.00","0.00","0.00","0.00","1.25","1.25","0.00","0.011958","0.189073"
"7/10/2026 12:00:00 AM","2","FUTCOM","ZINCMINI","30SEP2026","8.00","0.00","8","0.00","0.00","0.00","0.00","1.25","1.25","0.00","0.012767","0.201864"
"7/10/2026 12:00:00 AM","2","FUTCOM","ZINCMINI","30OCT2026","8.45","0.00","8.45","0.00","0.00","0.00","0.00","1.25","1.25","0.00","0.016583","0.2622"
"7/10/2026 12:00:00 AM","2","FUTCOM","ZINCMINI","30NOV2026","8.55","0.00","8.55","0.00","0.00","0.00","0.00","1.25","1.25","0.00","0.016763","0.265046"
"7/10/2026 12:00:00 AM","3","FUTCOM","ALUMINI","31JUL2026","8.00","0.00","8","0.00","0.00","0.00","0.00","1.25","1.25","0.00","0.01456","0.230214"
"7/10/2026 12:00:00 AM","3","FUTCOM","ALUMINI","31AUG2026","8.91","0.00","8.91","0.00","0.00","0.00","0.00","1.25","1.25","0.00","0.017464","0.27613"
"7/10/2026 12:00:00 AM","3","FUTCOM","ALUMINI","30SEP2026","9.40","0.00","9.4","0.00","0.00","0.00","0.00","1.25","1.25","0.00","0.018385","0.290692"
"7/10/2026 12:00:00 AM","3","FUTCOM","ALUMINI","30OCT2026","14.04","0.00","14.04","0.00","0.00","0.00","0.00","1.25","1.25","0.00","0.027037","0.427493"
"7/10/2026 12:00:00 AM","3","FUTCOM","ALUMINI","30NOV2026","15.06","0.00","15.06","0.00","0.00","0.00","0.00","1.25","1.25","0.00","0.028914","0.45717"
"7/10/2026 12:00:00 AM","3","FUTCOM","ALUMINIUM","31JUL2026","8.00","0.00","8","0.00","0.00","0.00","0.00","1.25","1.25","0.00","0.014933","0.236111"
"7/10/2026 12:00:00 AM","3","FUTCOM","ALUMINIUM","31AUG2026","8.00","0.00","8","0.00","0.00","0.00","0.00","1.25","1.25","0.00","0.015652","0.24748"
"7/10/2026 12:00:00 AM","3","FUTCOM","ALUMINIUM","30SEP2026","8.87","0.00","8.87","0.00","0.00","0.00","0.00","1.25","1.25","0.00","0.017378","0.27477"
"7/10/2026 12:00:00 AM","3","FUTCOM","ALUMINIUM","30OCT2026","14.72","0.00","14.72","0.00","0.00","0.00","0.00","1.25","1.25","0.00","0.028284","0.447209"
"7/10/2026 12:00:00 AM","3","FUTCOM","ALUMINIUM","30NOV2026","16.26","0.00","16.26","0.00","0.00","0.00","0.00","1.25","1.25","0.00","0.031097","0.491687"
"7/10/2026 12:00:00 AM","3","FUTCOM","CARDAMOM","31JUL2026","12.00","0.00","12","0.00","0.00","0.00","0.00","1.25","1.25","0.00","0.014765","0.233455"
"7/10/2026 12:00:00 AM","3","FUTCOM","CARDAMOM","31AUG2026","12.37","0.00","12.37","0.00","0.00","0.00","0.00","1.25","1.25","0.00","0.017146","0.271102"
"7/10/2026 12:00:00 AM","3","FUTCOM","CARDAMOM","30SEP2026","12.00","0.00","12","0.00","0.00","0.00","0.00","1.25","1.25","0.00","0.014629","0.231305"
"7/10/2026 12:00:00 AM","3","FUTCOM","CARDAMOM","30OCT2026","12.00","0.00","12","0.00","0.00","0.00","0.00","1.25","1.25","0.00","0.014629","0.231305"
"7/10/2026 12:00:00 AM","3","FUTCOM","CARDAMOM","30NOV2026","12.00","0.00","12","0.00","0.00","0.00","0.00","1.25","1.25","0.00","0.012884","0.203714"
"7/10/2026 12:00:00 AM","3","FUTCOM","COPPER","31JUL2026","8.00","0.00","8","0.00","0.00","0.00","0.00","1.25","1.25","0.00","0.013","0.205548"
"7/10/2026 12:00:00 AM","3","FUTCOM","COPPER","31AUG2026","8.00","0.00","8","0.00","0.00","0.00","0.00","1.25","1.25","0.00","0.013115","0.207366"
"7/10/2026 12:00:00 AM","3","FUTCOM","COPPER","30SEP2026","8.00","0.00","8","0.00","0.00","0.00","0.00","1.25","1.25","0.00","0.013","0.205548"
"7/10/2026 12:00:00 AM","3","FUTCOM","COPPER","30OCT2026","8.00","0.00","8","0.00","0.00","0.00","0.00","1.25","1.25","0.00","0.012884","0.203714"
"7/10/2026 12:00:00 AM","3","FUTCOM","COPPER","30NOV2026","8.00","0.00","8","0.00","0.00","0.00","0.00","1.25","1.25","0.00","0.013115","0.207366"
"7/10/2026 12:00:00 AM","3","FUTCOM","COTTON","31JUL2026","8.00","0.00","8","0.00","0.00","0.00","0.00","1.25","1.25","0.00","0.006245","0.098742"
"7/10/2026 12:00:00 AM","3","FUTCOM","COTTON","31AUG2026","8.00","0.00","8","0.00","0.00","0.00","0.00","1.25","1.25","0.00","0.006245","0.098742"
"7/10/2026 12:00:00 AM","3","FUTCOM","COTTON","30NOV2026","8.00","0.00","8","0.00","0.00","0.00","0.00","1.25","1.25","0.00","0.004472","0.070709"
"7/10/2026 12:00:00 AM","3","FUTCOM","COTTON","31DEC2026","8.00","0.00","8","0.00","0.00","0.00","0.00","1.25","1.25","0.00","0.004472","0.070709"
"7/10/2026 12:00:00 AM","3","FUTCOM","COTTON","29JAN2027","8.00","0.00","8","0.00","0.00","0.00","0.00","1.25","1.25","0.00","0.004472","0.070709"
"7/10/2026 12:00:00 AM","3","FUTCOM","COTTONOIL","31JUL2026","10.00","0.00","10","0.00","0.00","0.00","0.00","1.25","1.25","0.00","0.003606","0.057016"
"7/10/2026 12:00:00 AM","3","FUTCOM","COTTONOIL","31AUG2026","10.00","0.00","10","0.00","0.00","0.00","0.00","1.25","1.25","0.00","0.003606","0.057016"
"7/10/2026 12:00:00 AM","3","FUTCOM","COTTONOIL","30SEP2026","10.00","0.00","10","0.00","0.00","0.00","0.00","1.25","1.25","0.00","0.003606","0.057016"
"7/10/2026 12:00:00 AM","3","FUTCOM","COTTONOIL","30OCT2026","10.00","0.00","10","0.00","0.00","0.00","0.00","1.25","1.25","0.00","0.003606","0.057016"
"7/10/2026 12:00:00 AM","3","FUTCOM","CRUDEOIL","20JUL2026","30.00","0.00","30","0.00","0.00","0.00","0.00","1.25","1.25","0.00","0.029665","0.469045"
"7/10/2026 12:00:00 AM","3","FUTCOM","CRUDEOIL","19AUG2026","30.00","0.00","30","0.00","0.00","0.00","0.00","1.25","1.25","0.00","0.027368","0.432726"
"7/10/2026 12:00:00 AM","3","FUTCOM","CRUDEOIL","21SEP2026","30.00","0.00","30","0.00","0.00","0.00","0.00","1.25","1.25","0.00","0.025159","0.397799"
"7/10/2026 12:00:00 AM","3","FUTCOM","CRUDEOIL","19OCT2026","30.00","0.00","30","0.00","0.00","0.00","0.00","1.25","1.25","0.00","0.020809","0.329019"
"7/10/2026 12:00:00 AM","3","FUTCOM","CRUDEOIL","19NOV2026","30.00","0.00","30","0.00","0.00","0.00","0.00","1.25","1.25","0.00","0.021401","0.33838"
"7/10/2026 12:00:00 AM","3","FUTCOM","CRUDEOIL","18DEC2026","30.00","0.00","30","0.00","0.00","0.00","0.00","1.25","1.25","0.00","0.020664","0.326727"
"7/10/2026 12:00:00 AM","3","FUTCOM","CRUDEOILM","20JUL2026","30.00","0.00","30","0.00","0.00","0.00","0.00","1.25","1.25","0.00","0.030067","0.475401"
"7/10/2026 12:00:00 AM","3","FUTCOM","CRUDEOILM","19AUG2026","30.00","0.00","30","0.00","0.00","0.00","0.00","1.25","1.25","0.00","0.027185","0.429833"
"7/10/2026 12:00:00 AM","3","FUTCOM","CRUDEOILM","21SEP2026","30.00","0.00","30","0.00","0.00","0.00","0.00","1.25","1.25","0.00","0.025534","0.403728"
"7/10/2026 12:00:00 AM","3","FUTCOM","CRUDEOILM","19OCT2026","30.00","0.00","30","0.00","0.00","0.00","0.00","1.25","1.25","0.00","0.024372","0.385355"
"7/10/2026 12:00:00 AM","3","FUTCOM","CRUDEOILM","19NOV2026","30.00","0.00","30","0.00","0.00","0.00","0.00","1.25","1.25","0.00","0.024","0.379473"
"7/10/2026 12:00:00 AM","3","FUTCOM","CRUDEOILM","18DEC2026","30.00","0.00","30","0.00","0.00","0.00","0.00","1.25","1.25","0.00","0.023152","0.366065"
"7/10/2026 12:00:00 AM","3","FUTCOM","ELECDMBL","30JUL2026","10.64","0.00","10.64","0.00","0.00","0.00","0.00","1.25","1.25","0.00","0.017029","0.269252"
"7/10/2026 12:00:00 AM","3","FUTCOM","ELECDMBL","28AUG2026","10.00","0.00","10","0.00","0.00","0.00","0.00","1.25","1.25","0.00","0.014353","0.226941"
"7/10/2026 12:00:00 AM","3","FUTCOM","ELECDMBL","29SEP2026","10.00","0.00","10","0.00","0.00","0.00","0.00","1.25","1.25","0.00","0.013638","0.215636"
"7/10/2026 12:00:00 AM","3","FUTCOM","ELECDMBL","30OCT2026","14.79","0.00","14.79","0.00","0.00","0.00","0.00","1.25","1.25","0.00","0.023409","0.370129"
"7/10/2026 12:00:00 AM","3","FUTCOM","GOLD","05AUG2026","8.00","0.00","8","0.00","0.00","0.00","0.00","1.25","1.25","0.00","0.013565","0.214481"
"7/10/2026 12:00:00 AM","3","FUTCOM","GOLD","05OCT2026","8.00","0.00","8","0.00","0.00","0.00","0.00","1.25","1.25","0.00","0.013928","0.220221"
"7/10/2026 12:00:00 AM","3","FUTCOM","GOLD","04DEC2026","8.00","0.00","8","0.00","0.00","0.00","0.00","1.25","1.25","0.00","0.013892","0.219652"
"7/10/2026 12:00:00 AM","3","FUTCOM","GOLD","05FEB2027","8.00","0.00","8","0.00","0.00","0.00","0.00","1.25","1.25","0.00","0.015232","0.240839"
"7/10/2026 12:00:00 AM","3","FUTCOM","GOLD","05APR2027","8.06","0.00","8.06","0.00","0.00","0.00","0.00","1.25","1.25","0.00","0.015843","0.2505"
"7/10/2026 12:00:00 AM","3","FUTCOM","GOLD","04JUN2027","8.93","0.00","8.93","0.00","0.00","0.00","0.00","1.25","1.25","0.00","0.017493","0.276589"
"7/10/2026 12:00:00 AM","3","FUTCOM","GOLDGUINEA","31JUL2026","8.00","0.00","8","0.00","0.00","0.00","0.00","1.25","1.25","0.00","0.012806","0.202481"
"7/10/2026 12:00:00 AM","3","FUTCOM","GOLDGUINEA","31AUG2026","8.00","0.00","8","0.00","0.00","0.00","0.00","1.25","1.25","0.00","0.01261","0.199382"
"7/10/2026 12:00:00 AM","3","FUTCOM","GOLDGUINEA","30SEP2026","8.00","0.00","8","0.00","0.00","0.00","0.00","1.25","1.25","0.00","0.01245","0.196852"
"7/10/2026 12:00:00 AM","3","FUTCOM","GOLDGUINEA","30OCT2026","8.00","0.00","8","0.00","0.00","0.00","0.00","1.25","1.25","0.00","0.012247","0.193642"
"7/10/2026 12:00:00 AM","3","FUTCOM","GOLDGUINEA","30NOV2026","8.00","0.00","8","0.00","0.00","0.00","0.00","1.25","1.25","0.00","0.012689","0.200631"
"7/10/2026 12:00:00 AM","3","FUTCOM","GOLDGUINEA","31DEC2026","8.00","0.00","8","0.00","0.00","0.00","0.00","1.25","1.25","0.00","0.013416","0.212126"
"7/10/2026 12:00:00 AM","3","FUTCOM","GOLDM","05AUG2026","8.00","0.00","8","0.00","0.00","0.00","0.00","1.25","1.25","0.00","0.013491","0.213311"
"7/10/2026 12:00:00 AM","3","FUTCOM","GOLDM","04SEP2026","8.00","0.00","8","0.00","0.00","0.00","0.00","1.25","1.25","0.00","0.013491","0.213311"
"7/10/2026 12:00:00 AM","3","FUTCOM","GOLDM","05OCT2026","8.00","0.00","8","0.00","0.00","0.00","0.00","1.25","1.25","0.00","0.013491","0.213311"
"7/10/2026 12:00:00 AM","3","FUTCOM","GOLDM","05NOV2026","8.00","0.00","8","0.00","0.00","0.00","0.00","1.25","1.25","0.00","0.013491","0.213311"
"7/10/2026 12:00:00 AM","3","FUTCOM","GOLDM","04DEC2026","8.00","0.00","8","0.00","0.00","0.00","0.00","1.25","1.25","0.00","0.01249","0.197484"
"7/10/2026 12:00:00 AM","3","FUTCOM","GOLDM","05JAN2027","8.00","0.00","8","0.00","0.00","0.00","0.00","1.25","1.25","0.00","0.01241","0.196219"
"7/10/2026 12:00:00 AM","3","FUTCOM","GOLDPETAL","31JUL2026","8.00","0.00","8","0.00","0.00","0.00","0.00","1.25","1.25","0.00","0.012884","0.203714"
"7/10/2026 12:00:00 AM","3","FUTCOM","GOLDPETAL","31AUG2026","8.00","0.00","8","0.00","0.00","0.00","0.00","1.25","1.25","0.00","0.012845","0.203097"
"7/10/2026 12:00:00 AM","3","FUTCOM","GOLDPETAL","30SEP2026","8.00","0.00","8","0.00","0.00","0.00","0.00","1.25","1.25","0.00","0.012689","0.200631"
"7/10/2026 12:00:00 AM","3","FUTCOM","GOLDPETAL","30OCT2026","8.00","0.00","8","0.00","0.00","0.00","0.00","1.25","1.25","0.00","0.012649","0.199998"
"7/10/2026 12:00:00 AM","3","FUTCOM","GOLDPETAL","30NOV2026","8.00","0.00","8","0.00","0.00","0.00","0.00","1.25","1.25","0.00","0.01261","0.199382"
"7/10/2026 12:00:00 AM","3","FUTCOM","GOLDPETAL","31DEC2026","8.00","0.00","8","0.00","0.00","0.00","0.00","1.25","1.25","0.00","0.013115","0.207366"
"7/10/2026 12:00:00 AM","3","FUTCOM","GOLDTEN","31JUL2026","8.00","0.00","8","0.00","0.00","0.00","0.00","1.25","1.25","0.00","0.013304","0.210355"
"7/10/2026 12:00:00 AM","3","FUTCOM","GOLDTEN","31AUG2026","8.00","0.00","8","0.00","0.00","0.00","0.00","1.25","1.25","0.00","0.013153","0.207967"
"7/10/2026 12:00:00 AM","3","FUTCOM","GOLDTEN","30SEP2026","8.00","0.00","8","0.00","0.00","0.00","0.00","1.25","1.25","0.00","0.013153","0.207967"
"7/10/2026 12:00:00 AM","3","FUTCOM","GOLDTEN","30OCT2026","8.00","0.00","8","0.00","0.00","0.00","0.00","1.25","1.25","0.00","0.012767","0.201864"
"7/10/2026 12:00:00 AM","3","FUTCOM","GOLDTEN","30NOV2026","8.00","0.00","8","0.00","0.00","0.00","0.00","1.25","1.25","0.00","0.012884","0.203714"
"7/10/2026 12:00:00 AM","3","FUTCOM","GOLDTEN","31DEC2026","8.00","0.00","8","0.00","0.00","0.00","0.00","1.25","1.25","0.00","0.013342","0.210956"
"7/10/2026 12:00:00 AM","3","FUTCOM","KAPAS","30NOV2026","10.00","0.00","10","0.00","0.00","0.00","0.00","1.25","1.25","0.00","0.002828","0.044715"
"7/10/2026 12:00:00 AM","3","FUTCOM","KAPAS","26FEB2027","10.00","0.00","10","0.00","0.00","0.00","0.00","1.25","1.25","0.00","0.002828","0.044715"
"7/10/2026 12:00:00 AM","3","FUTCOM","KAPAS","30APR2027","10.00","0.00","10","0.00","0.00","0.00","0.00","1.25","1.25","0.00","0.002828","0.044715"
"7/10/2026 12:00:00 AM","3","FUTCOM","LEAD","31JUL2026","6.00","0.00","6","0.00","0.00","0.00","0.00","1.25","1.25","0.00","0.007","0.11068"
"7/10/2026 12:00:00 AM","3","FUTCOM","LEAD","31AUG2026","6.00","0.00","6","0.00","0.00","0.00","0.00","1.25","1.25","0.00","0.009274","0.146635"
"7/10/2026 12:00:00 AM","3","FUTCOM","LEAD","30SEP2026","8.13","0.00","8.13","0.00","0.00","0.00","0.00","1.25","1.25","0.00","0.015969","0.252492"
"7/10/2026 12:00:00 AM","3","FUTCOM","LEAD","30OCT2026","10.81","0.00","10.81","0.00","0.00","0.00","0.00","1.25","1.25","0.00","0.021048","0.332798"
"7/10/2026 12:00:00 AM","3","FUTCOM","LEAD","30NOV2026","11.23","0.00","11.23","0.00","0.00","0.00","0.00","1.25","1.25","0.00","0.02184","0.345321"
"7/10/2026 12:00:00 AM","3","FUTCOM","LEADMINI","31JUL2026","6.00","0.00","6","0.00","0.00","0.00","0.00","1.25","1.25","0.00","0.007416","0.117257"
"7/10/2026 12:00:00 AM","3","FUTCOM","LEADMINI","31AUG2026","6.00","0.00","6","0.00","0.00","0.00","0.00","1.25","1.25","0.00","0.01044","0.165071"
"7/10/2026 12:00:00 AM","3","FUTCOM","LEADMINI","30SEP2026","6.76","0.00","6.76","0.00","0.00","0.00","0.00","1.25","1.25","0.00","0.013342","0.210956"
"7/10/2026 12:00:00 AM","3","FUTCOM","LEADMINI","30OCT2026","7.68","0.00","7.68","0.00","0.00","0.00","0.00","1.25","1.25","0.00","0.0151","0.238752"
"7/10/2026 12:00:00 AM","3","FUTCOM","LEADMINI","30NOV2026","7.93","0.00","7.93","0.00","0.00","0.00","0.00","1.25","1.25","0.00","0.015588","0.246468"
"7/10/2026 12:00:00 AM","3","FUTIDX","MCXBULLDEX","29JUL2026","9.88","0.00","9.88","0.00","0.00","0.00","0.00","1","1","0.00","0.015843","0.2505"
"7/10/2026 12:00:00 AM","3","FUTIDX","MCXBULLDEX","28AUG2026","9.90","0.00","9.9","0.00","0.00","0.00","0.00","1","1","0.00","0.015875","0.251006"
"7/10/2026 12:00:00 AM","3","FUTIDX","MCXBULLDEX","25SEP2026","9.92","0.00","9.92","0.00","0.00","0.00","0.00","1","1","0.00","0.015906","0.251496"
"7/10/2026 12:00:00 AM","3","FUTIDX","MCXMETLDEX","24JUL2026","6.97","0.00","6.97","0.00","0.00","0.00","0.00","1","1","0.00","0.011269","0.178179"
"7/10/2026 12:00:00 AM","3","FUTIDX","MCXMETLDEX","24AUG2026","6.94","0.00","6.94","0.00","0.00","0.00","0.00","1","1","0.00","0.011225","0.177483"
"7/10/2026 12:00:00 AM","3","FUTIDX","MCXMETLDEX","23SEP2026","7.00","0.00","7","0.00","0.00","0.00","0.00","1","1","0.00","0.011314","0.17889"
"7/10/2026 12:00:00 AM","3","FUTCOM","MENTHAOIL","31JUL2026","16.77","0.00","16.77","2.5","2.5","0.00","0.00","1.25","1.25","0.00","0.026401","0.417436"
"7/10/2026 12:00:00 AM","3","FUTCOM","MENTHAOIL","31AUG2026","17.06","0.00","17.06","2.5","2.5","0.00","0.00","1.25","1.25","0.00","0.026833","0.424267"
"7/10/2026 12:00:00 AM","3","FUTCOM","MENTHAOIL","30SEP2026","8.00","0.00","8","2.5","2.5","0.00","0.00","1.25","1.25","0.00","0.002828","0.044715"
"7/10/2026 12:00:00 AM","3","FUTCOM","MENTHAOIL","30OCT2026","8.00","0.00","8","2.5","2.5","0.00","0.00","1.25","1.25","0.00","0.002828","0.044715"
"7/10/2026 12:00:00 AM","3","FUTCOM","MENTHAOIL","30NOV2026","8.00","0.00","8","2.5","2.5","0.00","0.00","1.25","1.25","0.00","0.002828","0.044715"
"7/10/2026 12:00:00 AM","3","FUTCOM","MENTHAOIL","31DEC2026","8.00","0.00","8","2.5","2.5","0.00","0.00","1.25","1.25","0.00","0.002828","0.044715"
"7/10/2026 12:00:00 AM","3","FUTCOM","NATGASMINI","28JUL2026","15.90","0.00","15.9","0.00","0.00","0.00","0.00","1.25","1.25","0.00","0.0251","0.396866"
"7/10/2026 12:00:00 AM","3","FUTCOM","NATGASMINI","26AUG2026","14.43","0.00","14.43","0.00","0.00","0.00","0.00","1.25","1.25","0.00","0.022869","0.361591"
"7/10/2026 12:00:00 AM","3","FUTCOM","NATGASMINI","25SEP2026","13.00","0.00","13","0.00","0.00","0.00","0.00","1.25","1.25","0.00","0.020518","0.324418"
"7/10/2026 12:00:00 AM","3","FUTCOM","NATGASMINI","27OCT2026","13.35","0.00","13.35","0.00","0.00","0.00","0.00","1.25","1.25","0.00","0.021213","0.335407"
"7/10/2026 12:00:00 AM","3","FUTCOM","NATGASMINI","24NOV2026","13.00","0.00","13","0.00","0.00","0.00","0.00","1.25","1.25","0.00","0.017748","0.280621"
"7/10/2026 12:00:00 AM","3","FUTCOM","NATGASMINI","28DEC2026","13.00","0.00","13","0.00","0.00","0.00","0.00","1.25","1.25","0.00","0.018682","0.295388"
"7/10/2026 12:00:00 AM","3","FUTCOM","NATURALGAS","28JUL2026","15.93","0.00","15.93","0.00","0.00","0.00","0.00","1.25","1.25","0.00","0.02514","0.397498"
"7/10/2026 12:00:00 AM","3","FUTCOM","NATURALGAS","26AUG2026","14.35","0.00","14.35","0.00","0.00","0.00","0.00","1.25","1.25","0.00","0.022738","0.359519"
"7/10/2026 12:00:00 AM","3","FUTCOM","NATURALGAS","25SEP2026","14.07","0.00","14.07","0.00","0.00","0.00","0.00","1.25","1.25","0.00","0.022316","0.352847"
"7/10/2026 12:00:00 AM","3","FUTCOM","NATURALGAS","27OCT2026","13.00","0.00","13","0.00","0.00","0.00","0.00","1.25","1.25","0.00","0.019596","0.30984"
"7/10/2026 12:00:00 AM","3","FUTCOM","NATURALGAS","24NOV2026","21.31","0.00","21.31","0.00","0.00","0.00","0.00","1.25","1.25","0.00","0.033151","0.524163"
"7/10/2026 12:00:00 AM","3","FUTCOM","NATURALGAS","28DEC2026","29.62","0.00","29.62","0.00","0.00","0.00","0.00","1.25","1.25","0.00","0.0451","0.713094"
"7/10/2026 12:00:00 AM","3","FUTCOM","NICKEL","15JUL2026","10.00","0.00","10","0.00","0.00","0.00","0.00","1.25","1.25","0.00","0.012288","0.19429"
"7/10/2026 12:00:00 AM","3","FUTCOM","NICKEL","19AUG2026","10.00","0.00","10","0.00","0.00","0.00","0.00","1.25","1.25","0.00","0.011576","0.183033"
"7/10/2026 12:00:00 AM","3","FUTCOM","NICKEL","16SEP2026","10.00","0.00","10","0.00","0.00","0.00","0.00","1.25","1.25","0.00","0.01179","0.186416"
"7/10/2026 12:00:00 AM","3","FUTCOM","NICKEL","21OCT2026","10.00","0.00","10","0.00","0.00","0.00","0.00","1.25","1.25","0.00","0.009644","0.152485"
"7/10/2026 12:00:00 AM","3","FUTCOM","NICKEL","18NOV2026","10.00","0.00","10","0.00","0.00","0.00","0.00","1.25","1.25","0.00","0.010296","0.162794"
"7/10/2026 12:00:00 AM","3","FUTCOM","SILVER","04SEP2026","16.13","0.00","16.13","0.00","0.00","0.00","0.00","1.25","1.25","0.00","0.025436","0.402178"
"7/10/2026 12:00:00 AM","3","FUTCOM","SILVER","04DEC2026","16.26","0.00","16.26","0.00","0.00","0.00","0.00","1.25","1.25","0.00","0.025632","0.405278"
"7/10/2026 12:00:00 AM","3","FUTCOM","SILVER","05MAR2027","17.29","0.00","17.29","0.00","0.00","0.00","0.00","1.25","1.25","0.00","0.027185","0.429833"
"7/10/2026 12:00:00 AM","3","FUTCOM","SILVER","05MAY2027","18.90","0.00","18.9","0.00","0.00","0.00","0.00","1.25","1.25","0.00","0.029597","0.46797"
"7/10/2026 12:00:00 AM","3","FUTCOM","SILVER100","31JUL2026","15.60","0.00","15.6","0.00","0.00","0.00","0.00","1.25","1.25","0.00","0.024637","0.389545"
"7/10/2026 12:00:00 AM","3","FUTCOM","SILVER100","31AUG2026","15.36","0.00","15.36","0.00","0.00","0.00","0.00","1.25","1.25","0.00","0.024269","0.383727"
"7/10/2026 12:00:00 AM","3","FUTCOM","SILVER100","30SEP2026","15.01","0.00","15.01","0.00","0.00","0.00","0.00","1.25","1.25","0.00","0.023749","0.375505"
"7/10/2026 12:00:00 AM","3","FUTCOM","SILVER100","30OCT2026","14.79","0.00","14.79","0.00","0.00","0.00","0.00","1.25","1.25","0.00","0.023409","0.370129"
"7/10/2026 12:00:00 AM","3","FUTCOM","SILVER100","30NOV2026","15.80","0.00","15.8","0.00","0.00","0.00","0.00","1.25","1.25","0.00","0.02494","0.394336"
"7/10/2026 12:00:00 AM","3","FUTCOM","SILVER100","31DEC2026","16.13","0.00","16.13","0.00","0.00","0.00","0.00","1.25","1.25","0.00","0.025436","0.402178"
"7/10/2026 12:00:00 AM","3","FUTCOM","SILVERM","31AUG2026","15.12","0.00","15.12","0.00","0.00","0.00","0.00","1.25","1.25","0.00","0.023917","0.378161"
"7/10/2026 12:00:00 AM","3","FUTCOM","SILVERM","30NOV2026","15.25","0.00","15.25","0.00","0.00","0.00","0.00","1.25","1.25","0.00","0.024104","0.381118"
"7/10/2026 12:00:00 AM","3","FUTCOM","SILVERM","26FEB2027","15.52","0.00","15.52","0.00","0.00","0.00","0.00","1.25","1.25","0.00","0.024515","0.387616"
"7/10/2026 12:00:00 AM","3","FUTCOM","SILVERM","30APR2027","14.76","0.00","14.76","0.00","0.00","0.00","0.00","1.25","1.25","0.00","0.023367","0.369465"
"7/10/2026 12:00:00 AM","3","FUTCOM","SILVERMIC","31AUG2026","15.14","0.00","15.14","0.00","0.00","0.00","0.00","1.25","1.25","0.00","0.023937","0.378477"
"7/10/2026 12:00:00 AM","3","FUTCOM","SILVERMIC","30NOV2026","15.23","0.00","15.23","0.00","0.00","0.00","0.00","1.25","1.25","0.00","0.024083","0.380786"
"7/10/2026 12:00:00 AM","3","FUTCOM","SILVERMIC","26FEB2027","15.34","0.00","15.34","0.00","0.00","0.00","0.00","1.25","1.25","0.00","0.024249","0.38341"
"7/10/2026 12:00:00 AM","3","FUTCOM","STEELREBAR","31JUL2026","8.00","0.00","8","0.00","0.00","0.00","0.00","1.25","1.25","0.00","0.0101","0.159695"
"7/10/2026 12:00:00 AM","3","FUTCOM","STEELREBAR","31AUG2026","8.00","0.00","8","0.00","0.00","0.00","0.00","1.25","1.25","0.00","0.0101","0.159695"
"7/10/2026 12:00:00 AM","3","FUTCOM","STEELREBAR","30SEP2026","8.00","0.00","8","0.00","0.00","0.00","0.00","1.25","1.25","0.00","0.010149","0.16047"
"7/10/2026 12:00:00 AM","3","FUTCOM","STEELREBAR","30OCT2026","8.00","0.00","8","0.00","0.00","0.00","0.00","1.25","1.25","0.00","0.010296","0.162794"
"7/10/2026 12:00:00 AM","3","FUTCOM","STEELREBAR","30NOV2026","8.00","0.00","8","0.00","0.00","0.00","0.00","1.25","1.25","0.00","0.0101","0.159695"
"7/10/2026 12:00:00 AM","3","FUTCOM","ZINC","31JUL2026","8.00","0.00","8","0.00","0.00","0.00","0.00","1.25","1.25","0.00","0.012042","0.190401"
"7/10/2026 12:00:00 AM","3","FUTCOM","ZINC","31AUG2026","8.00","0.00","8","0.00","0.00","0.00","0.00","1.25","1.25","0.00","0.012806","0.202481"
"7/10/2026 12:00:00 AM","3","FUTCOM","ZINC","30SEP2026","8.00","0.00","8","0.00","0.00","0.00","0.00","1.25","1.25","0.00","0.01456","0.230214"
"7/10/2026 12:00:00 AM","3","FUTCOM","ZINC","30OCT2026","8.00","0.00","8","0.00","0.00","0.00","0.00","1.25","1.25","0.00","0.01562","0.246974"
"7/10/2026 12:00:00 AM","3","FUTCOM","ZINC","30NOV2026","8.13","0.00","8.13","0.00","0.00","0.00","0.00","1.25","1.25","0.00","0.015969","0.252492"
"7/10/2026 12:00:00 AM","3","FUTCOM","ZINCMINI","31JUL2026","8.00","0.00","8","0.00","0.00","0.00","0.00","1.25","1.25","0.00","0.011916","0.188409"
"7/10/2026 12:00:00 AM","3","FUTCOM","ZINCMINI","31AUG2026","8.00","0.00","8","0.00","0.00","0.00","0.00","1.25","1.25","0.00","0.011874","0.187744"
"7/10/2026 12:00:00 AM","3","FUTCOM","ZINCMINI","30SEP2026","8.00","0.00","8","0.00","0.00","0.00","0.00","1.25","1.25","0.00","0.012728","0.201247"
"7/10/2026 12:00:00 AM","3","FUTCOM","ZINCMINI","30OCT2026","8.45","0.00","8.45","0.00","0.00","0.00","0.00","1.25","1.25","0.00","0.016583","0.2622"
"7/10/2026 12:00:00 AM","3","FUTCOM","ZINCMINI","30NOV2026","8.55","0.00","8.55","0.00","0.00","0.00","0.00","1.25","1.25","0.00","0.016763","0.265046"